Workbook

Sheet Start Here
B2: The Ultimate Christmas Organiser
B3: by The Geek Next Door Co.
B5: How to use this organiser
B7: 1. Dashboard — type your family name, the year and your total Christmas budget. Your countdown and progress bars live here.
B8: 2. Gift Planner — one row per gift. Set a budget, log the real cost, and move each gift from Idea → Ordered → Bought → Wrapped → Given.
B9: 3. Budget — set a budget per category. Gifts, Food & Drink and Travel fill in automatically; log anything else on the Spending Log tab.
B10: 4. Card List — names and addresses, then tick off sent and received cards.
B11: 5. Dinner — guest list with RSVPs and dietary needs, plus your menu and who's making what.
B12: 6. Shopping List — everything for the big meal, with costs. Tick items as you buy them.
B13: 7. Cooking Timeline — set your serving time and how long before it each job starts. Start times calculate themselves.
B14: 8. Secret Santa — add everyone's names and wishlists. Each person types their name in the reveal box to see who they're buying for.
B15: 9. Travel — journeys to and from family, booking references and a quick packing list.
... B23: Cooking times in the timeline are examples only — always follow your recipe and food-safety guidance.

Sheet Dashboard
B2: =IF(C5="","Our",C5&" Family")&" Christmas "&C6 -> Smith Family Christmas 2026
B3: Your Christmas at a glance.
B5: Family name | C5: Smith
B6: Year | C6: 2026
B7: Total Christmas budget | C7: 900
B9: Days until Christmas | C9: =MAX(0,DATE(C6,12,25)-TODAY()) -> 57
B11: Money | E11: Progress
B12: Total budget | C12: =C7 -> 900 | E12: Gifts bought | F12: =IF(COUNTA('Gift Planner'!B8:B207)=0,0,(COUNTIF('Gift Planner'!H8:H207,"Bought")+COUNTIF('Gift Planner'!H8:H207,"Wrapped")+COUNTIF('Gift Planner'!H8:H207,"Given"))/COUNTA('Gift Planner'!B8:B207)) -> 0.5
B13: Spent so far | C13: =Budget!D17 -> 289.5 | E13: Gifts wrapped | F13: =IF(COUNTA('Gift Planner'!B8:B207)=0,0,(COUNTIF('Gift Planner'!H8:H207,"Wrapped")+COUNTIF('Gift Planner'!H8:H207,"Given"))/COUNTA('Gift Planner'!B8:B207)) -> 0.25
B14: Left to spend | C14: =C12-C13 -> 610.5 | E14: Cards sent | F14: =IF(COUNTA('Card List'!B8:B207)=0,0,COUNTIF('Card List'!E8:E207,"✓")/COUNTA('Card List'!B8:B207)) -> 0.5
B15: % of budget used | C15: =IF(C12=0,0,C13/C12) -> 0.32166667 | E15: Food shopping done | F15: =IF(COUNTA('Shopping List'!B8:B157)=0,0,COUNTIF('Shopping List'!H8:H157,"✓")/COUNTA('Shopping List'!B8:B157)) -> 0.16666667
E16: To-do list done | F16: =IF(COUNTA('To-Do List'!B6:B105)=0,0,COUNTIF('To-Do List'!E6:E105,"✓")/COUNTA('To-Do List'!B6:B105)) -> 0
E17: Packing done | F17: =IF(COUNTA(Travel!B19:B48)=0,0,COUNTIF(Travel!C19:C48,"✓")/COUNTA(Travel!B19:B48)) -> 0.2
E19: Numbers
E20: Gifts on the list | F20: =COUNTA('Gift Planner'!B8:B207) -> 4
E21: People getting gifts | F21: =SUMPRODUCT(('Gift Planner'!B8:B207<>"")/COUNTIF('Gift Planner'!B8:B207,'Gift Planner'!B8:B207&"")) -> 4
E22: Dinner guests confirmed | F22: =COUNTIF(Dinner!C8:C27,"Yes") -> 2
E23: Secret Santa players | F23: =COUNTA('Secret Santa'!B12:B41) -> 6

Sheet Gift Planner
B2: Gift Planner
B3: One row per gift. Status: Idea → Ordered → Bought → Wrapped → Given.
B5: Planned | C5: =SUM(F8:F207) -> 105 | D5: Spent | E5: =SUM(G8:G207) -> 74.5
B7: Recipient | C7: Group | D7: Gift idea | E7: Where to buy / link | F7: Budget | G7: Actual cost | H7: Status | I7: Notes | K7: By group | L7: Budget | M7: Spent
B8: Mum | C8: Family | D8: Cashmere scarf | E8: John Lewis | F8: 40 | G8: 36 | H8: Bought | K8: Family | L8: =SUMIFS($F$8:$F$207,$C$8:$C$207,K8) -> 70 | M8: =SUMIFS($G$8:$G$207,$C$8:$C$207,K8) -> 66
B9: Dad | C9: Family | D9: Coffee subscription | E9: Online | F9: 30 | G9: 30 | H9: Ordered | K9: Friends | L9: =SUMIFS($F$8:$F$207,$C$8:$C$207,K9) -> 0 | M9: =SUMIFS($G$8:$G$207,$C$8:$C$207,K9) -> 0
B10: Lily (niece) | C10: Kids | D10: LEGO Friends set | E10: Argos | F10: 25 | H10: Idea | K10: Kids | L10: =SUMIFS($F$8:$F$207,$C$8:$C$207,K10) -> 25 | M10: =SUMIFS($G$8:$G$207,$C$8:$C$207,K10) -> 0
B11: Secret Santa | C11: Work | D11: Desk plant | E11: Garden centre | F11: 10 | G11: 8.5 | H11: Wrapped | K11: Work | L11: =SUMIFS($F$8:$F$207,$C$8:$C$207,K11) -> 10 | M11: =SUMIFS($G$8:$G$207,$C$8:$C$207,K11) -> 8.5
K12: Other | L12: =SUMIFS($F$8:$F$207,$C$8:$C$207,K12) -> 0 | M12: =SUMIFS($G$8:$G$207,$C$8:$C$207,K12) -> 0
K13: Total | L13: =SUM(L8:L12) -> 105 | M13: =SUM(M8:M12) -> 74.5
K14: Red actual cost = over that gift's budget.

Sheet Budget
B2: Christmas Budget
B3: Set a budget per category. Spent adds up automatically.
B5: Category | C5: Budget | D5: Spent | E5: Left | F5: Where 'spent' comes from
B6: Gifts | C6: 440 | D6: =SUM('Gift Planner'!$G$8:$G$207)+SUMIFS('Spending Log'!$E$6:$E$205,'Spending Log'!$D$6:$D$205,B6) -> 74.5 | E6: =C6-D6 -> 365.5 | F6: Gift Planner (actual cost) + Spending Log
B7: Food & drink | C7: 150 | D7: =SUM('Shopping List'!$G$8:$G$157)+SUMIFS('Spending Log'!$E$6:$E$205,'Spending Log'!$D$6:$D$205,B7) -> 38 | E7: =C7-D7 -> 112 | F7: Shopping List (actual cost) + Spending Log
B8: Decorations | C8: 60 | D8: =SUMIFS('Spending Log'!$E$6:$E$205,'Spending Log'!$D$6:$D$205,B8) -> 65 | E8: =C8-D8 -> -5 | F8: Spending Log
B9: Cards & postage | C9: 30 | D9: =SUMIFS('Spending Log'!$E$6:$E$205,'Spending Log'!$D$6:$D$205,B9) -> 18 | E9: =C9-D9 -> 12 | F9: Spending Log
B10: Wrapping | C10: 15 | D10: =SUMIFS('Spending Log'!$E$6:$E$205,'Spending Log'!$D$6:$D$205,B10) -> 12.5 | E10: =C10-D10 -> 2.5 | F10: Spending Log
B11: Travel | C11: 90 | D11: =SUM(Travel!$G$6:$G$15)+SUMIFS('Spending Log'!$E$6:$E$205,'Spending Log'!$D$6:$D$205,B11) -> 81.5 | E11: =C11-D11 -> 8.5 | F11: Travel tab (cost) + Spending Log
B12: Outfits | C12: 40 | D12: =SUMIFS('Spending Log'!$E$6:$E$205,'Spending Log'!$D$6:$D$205,B12) -> 0 | E12: =C12-D12 -> 40 | F12: Spending Log
B13: Parties & events | C13: 40 | D13: =SUMIFS('Spending Log'!$E$6:$E$205,'Spending Log'!$D$6:$D$205,B13) -> 0 | E13: =C13-D13 -> 40 | F13: Spending Log
B14: Charity | C14: 20 | D14: =SUMIFS('Spending Log'!$E$6:$E$205,'Spending Log'!$D$6:$D$205,B14) -> 0 | E14: =C14-D14 -> 20 | F14: Spending Log
B15: Other | C15: 15 | D15: =SUMIFS('Spending Log'!$E$6:$E$205,'Spending Log'!$D$6:$D$205,B15) -> 0 | E15: =C15-D15 -> 15 | F15: Spending Log
B17: Total | C17: =SUM(C6:C15) -> 900 | D17: =SUM(D6:D15) -> 289.5 | E17: =SUM(E6:E15) -> 610.5
B19: Total budget (Dashboard) | C19: =Dashboard!C7 -> 900
B20: Not yet allocated | C20: =C19-C17 -> 0
B21: If 'not yet allocated' is negative, your category budgets add up to more than your total budget.

Sheet Spending Log
B2: Spending Log
B3: Anything that isn't a gift, food-shopping item or travel booking goes here.
B5: Date | C5: Item | D5: Category | E5: Amount
B6: 46346 | C6: Tree and lights | D6: Decorations | E6: 65
B7: 46348 | C7: Wrapping paper & tape | D7: Wrapping | E7: 12.5
B8: 46357 | C8: Stamps | D8: Cards & postage | E8: 18

Sheet Card List
B2: Christmas Card List
B3: Tick Sent when it's in the post, Received when theirs arrives.
B5: Cards sent | C5: =COUNTIF(E8:E207,"✓")&" of "&COUNTA(B8:B207) -> 1 of 2
B7: Name | C7: Address | D7: Type | E7: Sent | F7: Received | G7: Notes
B8: Auntie Jean & Bob | C8: 12 Holly Lane, York, YO1 2AB | D8: Card | E8: ✓
B9: The Patels | C9: Email | D9: E-card | F9: ✓

Sheet Dinner
B2: Christmas Dinner
B3: Guests, RSVPs, dietary needs and the menu.
B5: Confirmed guests | C5: =COUNTIF(C8:C27,"Yes") -> 2
B7: Guest | C7: RSVP | D7: Dietary needs | E7: Bringing | G7: Course | H7: Dish | I7: Made by | J7: Dietary notes
B8: Grandma | C8: Yes | D8: No nuts | E8: Trifle | G8: Starter | H8: Prawn cocktail | I8: Me
B9: Tom | C9: Yes | D9: Vegetarian | E9: Wine | G9: Starter | H9: Roasted tomato soup | I9: Me | J9: V
B10: Priya | C10: Maybe | G10: Main | H10: Roast turkey | I10: Me
G11: Main | H11: Nut roast | I11: Tom | J11: V, contains nuts
G12: Sides | H12: Roast potatoes | I12: Me | J12: VG
G13: Sides | H13: Pigs in blankets | I13: Me
G14: Sides | H14: Sprouts & chestnuts | I14: Me | J14: VG
G15: Dessert | H15: Christmas pudding | I15: Shop
G16: Dessert | H16: Trifle | I16: Grandma | J16: V

Sheet Shopping List
B2: Food Shopping List
B3: Everything for the big meal. Tick as you go.
B5: Estimated | C5: =SUM(F8:F157) -> 65.5 | D5: Actual | E5: =SUM(G8:G157) -> 38
B7: Item | C7: Section | D7: Quantity | E7: Shop | F7: Est. cost | G7: Actual cost | H7: Bought
B8: Turkey crown (2kg) | C8: Meat & fish | D8: 1 | E8: Butcher | F8: 35 | G8: 38 | H8: ✓
B9: Potatoes | C9: Fruit & veg | D9: 2.5kg | E9: Supermarket | F9: 3
B10: Brussels sprouts | C10: Fruit & veg | D10: 750g | E10: Supermarket | F10: 1.5
B11: Pigs in blankets | C11: Meat & fish | D11: 2 packs | E11: Supermarket | F11: 7
B12: Double cream | C12: Dairy | D12: 600ml | E12: Supermarket | F12: 3
B13: Prosecco | C13: Drinks | D13: 2 bottles | E13: Supermarket | F13: 16

Sheet Cooking Timeline
B2: Cooking Timeline
B3: Set your serving time. Each job's start time works backwards from it.
B5: Dinner served at | C5: 0.58333333
B7: Job | C7: Minutes before serving | D7: Start at | E7: Done
B8: Turkey into the oven | C8: 210 | D8: =IF(C8="","",MOD($C$5-C8/1440,1)) -> 0.4375
B9: Peel potatoes & veg | C9: 150 | D9: =IF(C9="","",MOD($C$5-C9/1440,1)) -> 0.47916667
B10: Par-boil potatoes | C10: 90 | D10: =IF(C10="","",MOD($C$5-C10/1440,1)) -> 0.52083333
B11: Potatoes into the oven | C11: 75 | D11: =IF(C11="","",MOD($C$5-C11/1440,1)) -> 0.53125
B12: Pigs in blankets in | C12: 45 | D12: =IF(C12="","",MOD($C$5-C12/1440,1)) -> 0.55208333
B13: Turkey out to rest | C13: 40 | D13: =IF(C13="","",MOD($C$5-C13/1440,1)) -> 0.55555556
B14: Sprouts on | C14: 20 | D14: =IF(C14="","",MOD($C$5-C14/1440,1)) -> 0.56944444
B15: Make gravy | C15: 15 | D15: =IF(C15="","",MOD($C$5-C15/1440,1)) -> 0.57291667
B16: Warm plates | C16: 10 | D16: =IF(C16="","",MOD($C$5-C16/1440,1)) -> 0.57638889
B17: Carve & serve | C17: 0 | D17: =IF(C17="","",MOD($C$5-C17/1440,1)) -> 0.58333333
D18: =IF(C18="","",MOD($C$5-C18/1440,1))
D19: =IF(C19="","",MOD($C$5-C19/1440,1))
D20: =IF(C20="","",MOD($C$5-C20/1440,1))
D21: =IF(C21="","",MOD($C$5-C21/1440,1))
D22: =IF(C22="","",MOD($C$5-C22/1440,1))
D23: =IF(C23="","",MOD($C$5-C23/1440,1))
D24: =IF(C24="","",MOD($C$5-C24/1440,1))
D25: =IF(C25="","",MOD($C$5-C25/1440,1))
D26: =IF(C26="","",MOD($C$5-C26/1440,1))
D27: =IF(C27="","",MOD($C$5-C27/1440,1))
D28: =IF(C28="","",MOD($C$5-C28/1440,1))
D29: =IF(C29="","",MOD($C$5-C29/1440,1))
... D47: =IF(C47="","",MOD($C$5-C47/1440,1))
B49: Example times only — follow your recipe and the cooking instructions on your food.
B50: Tip: list jobs biggest number first so the timeline reads top to bottom.

Sheet Secret Santa
B2: Secret Santa
B3: Add everyone, then each person reveals their own match below.
B5: Spend limit | C5: 15 | F5: Reveal your match
B6: Gift exchange date | C6: 46376 | F6: Type your name
B7: Shuffle number | C7: 7 | D7: Change the shuffle number for a new draw (any whole number). | F7: You're buying for | G7: =IF(G6="","",IFERROR(INDEX($J$12:$J$41,MATCH(G6,$B$12:$B$41,0)),"Name not found"))
F8: Their wishlist | G8: =IF(OR(G7="",G7="Name not found"),"",IF(INDEX($C$12:$C$41,MATCH(G7,$B$12:$B$41,0))="","—",INDEX($C$12:$C$41,MATCH(G7,$B$12:$B$41,0))))
F9: Please avoid | G9: =IF(OR(G7="",G7="Name not found"),"",IF(INDEX($D$12:$D$41,MATCH(G7,$B$12:$B$41,0))="","—",INDEX($D$12:$D$41,MATCH(G7,$B$12:$B$41,0))))
B11: Name | C11: Wishlist / likes | D11: Avoid / allergies | H11: key | I11: order | J11: buys for
B12: Alex | C12: Books, fancy chocolate | H12: =IF(B12="","",MOD(ROW()^2*$C$7*7919+ROW()*104729+$C$7*31,10007)+ROW()/1000) -> 2856.012 | I12: =IF(B12="","",RANK(H12,$H$12:$H$41)) -> 4 | J12: =IF(B12="","",INDEX($B$12:$B$41,MATCH(IF(I12=COUNTA($B$12:$B$41),1,I12+1),$I$12:$I$41,0))) -> Jordan
B13: Sam | D13: No candles please | H13: =IF(B13="","",MOD(ROW()^2*$C$7*7919+ROW()*104729+$C$7*31,10007)+ROW()/1000) -> 2367.013 | I13: =IF(B13="","",RANK(H13,$H$12:$H$41)) -> 6 | J13: =IF(B13="","",INDEX($B$12:$B$41,MATCH(IF(I13=COUNTA($B$12:$B$41),1,I13+1),$I$12:$I$41,0))) -> Mo
B14: Jordan | H14: =IF(B14="","",MOD(ROW()^2*$C$7*7919+ROW()*104729+$C$7*31,10007)+ROW()/1000) -> 2667.014 | I14: =IF(B14="","",RANK(H14,$H$12:$H$41)) -> 5 | J14: =IF(B14="","",INDEX($B$12:$B$41,MATCH(IF(I14=COUNTA($B$12:$B$41),1,I14+1),$I$12:$I$41,0))) -> Sam
B15: Priya | H15: =IF(B15="","",MOD(ROW()^2*$C$7*7919+ROW()*104729+$C$7*31,10007)+ROW()/1000) -> 3756.015 | I15: =IF(B15="","",RANK(H15,$H$12:$H$41)) -> 3 | J15: =IF(B15="","",INDEX($B$12:$B$41,MATCH(IF(I15=COUNTA($B$12:$B$41),1,I15+1),$I$12:$I$41,0))) -> Alex
B16: Chris | H16: =IF(B16="","",MOD(ROW()^2*$C$7*7919+ROW()*104729+$C$7*31,10007)+ROW()/1000) -> 5634.016 | I16: =IF(B16="","",RANK(H16,$H$12:$H$41)) -> 2 | J16: =IF(B16="","",INDEX($B$12:$B$41,MATCH(IF(I16=COUNTA($B$12:$B$41),1,I16+1),$I$12:$I$41,0))) -> Priya
B17: Mo | H17: =IF(B17="","",MOD(ROW()^2*$C$7*7919+ROW()*104729+$C$7*31,10007)+ROW()/1000) -> 8301.017 | I17: =IF(B17="","",RANK(H17,$H$12:$H$41)) -> 1 | J17: =IF(B17="","",INDEX($B$12:$B$41,MATCH(IF(I17=COUNTA($B$12:$B$41),1,I17+1),$I$12:$I$41,0))) -> Chris
H18: =IF(B18="","",MOD(ROW()^2*$C$7*7919+ROW()*104729+$C$7*31,10007)+ROW()/1000) | I18: =IF(B18="","",RANK(H18,$H$12:$H$41)) | J18: =IF(B18="","",INDEX($B$12:$B$41,MATCH(IF(I18=COUNTA($B$12:$B$41),1,I18+1),$I$12:$I$41,0)))
H19: =IF(B19="","",MOD(ROW()^2*$C$7*7919+ROW()*104729+$C$7*31,10007)+ROW()/1000) | I19: =IF(B19="","",RANK(H19,$H$12:$H$41)) | J19: =IF(B19="","",INDEX($B$12:$B$41,MATCH(IF(I19=COUNTA($B$12:$B$41),1,I19+1),$I$12:$I$41,0)))
H20: =IF(B20="","",MOD(ROW()^2*$C$7*7919+ROW()*104729+$C$7*31,10007)+ROW()/1000) | I20: =IF(B20="","",RANK(H20,$H$12:$H$41)) | J20: =IF(B20="","",INDEX($B$12:$B$41,MATCH(IF(I20=COUNTA($B$12:$B$41),1,I20+1),$I$12:$I$41,0)))
H21: =IF(B21="","",MOD(ROW()^2*$C$7*7919+ROW()*104729+$C$7*31,10007)+ROW()/1000) | I21: =IF(B21="","",RANK(H21,$H$12:$H$41)) | J21: =IF(B21="","",INDEX($B$12:$B$41,MATCH(IF(I21=COUNTA($B$12:$B$41),1,I21+1),$I$12:$I$41,0)))
H22: =IF(B22="","",MOD(ROW()^2*$C$7*7919+ROW()*104729+$C$7*31,10007)+ROW()/1000) | I22: =IF(B22="","",RANK(H22,$H$12:$H$41)) | J22: =IF(B22="","",INDEX($B$12:$B$41,MATCH(IF(I22=COUNTA($B$12:$B$41),1,I22+1),$I$12:$I$41,0)))
H23: =IF(B23="","",MOD(ROW()^2*$C$7*7919+ROW()*104729+$C$7*31,10007)+ROW()/1000) | I23: =IF(B23="","",RANK(H23,$H$12:$H$41)) | J23: =IF(B23="","",INDEX($B$12:$B$41,MATCH(IF(I23=COUNTA($B$12:$B$41),1,I23+1),$I$12:$I$41,0)))
H24: =IF(B24="","",MOD(ROW()^2*$C$7*7919+ROW()*104729+$C$7*31,10007)+ROW()/1000) | I24: =IF(B24="","",RANK(H24,$H$12:$H$41)) | J24: =IF(B24="","",INDEX($B$12:$B$41,MATCH(IF(I24=COUNTA($B$12:$B$41),1,I24+1),$I$12:$I$41,0)))
H25: =IF(B25="","",MOD(ROW()^2*$C$7*7919+ROW()*104729+$C$7*31,10007)+ROW()/1000) | I25: =IF(B25="","",RANK(H25,$H$12:$H$41)) | J25: =IF(B25="","",INDEX($B$12:$B$41,MATCH(IF(I25=COUNTA($B$12:$B$41),1,I25+1),$I$12:$I$41,0)))
H26: =IF(B26="","",MOD(ROW()^2*$C$7*7919+ROW()*104729+$C$7*31,10007)+ROW()/1000) | I26: =IF(B26="","",RANK(H26,$H$12:$H$41)) | J26: =IF(B26="","",INDEX($B$12:$B$41,MATCH(IF(I26=COUNTA($B$12:$B$41),1,I26+1),$I$12:$I$41,0)))
H27: =IF(B27="","",MOD(ROW()^2*$C$7*7919+ROW()*104729+$C$7*31,10007)+ROW()/1000) | I27: =IF(B27="","",RANK(H27,$H$12:$H$41)) | J27: =IF(B27="","",INDEX($B$12:$B$41,MATCH(IF(I27=COUNTA($B$12:$B$41),1,I27+1),$I$12:$I$41,0)))
H28: =IF(B28="","",MOD(ROW()^2*$C$7*7919+ROW()*104729+$C$7*31,10007)+ROW()/1000) | I28: =IF(B28="","",RANK(H28,$H$12:$H$41)) | J28: =IF(B28="","",INDEX($B$12:$B$41,MATCH(IF(I28=COUNTA($B$12:$B$41),1,I28+1),$I$12:$I$41,0)))
H29: =IF(B29="","",MOD(ROW()^2*$C$7*7919+ROW()*104729+$C$7*31,10007)+ROW()/1000) | I29: =IF(B29="","",RANK(H29,$H$12:$H$41)) | J29: =IF(B29="","",INDEX($B$12:$B$41,MATCH(IF(I29=COUNTA($B$12:$B$41),1,I29+1),$I$12:$I$41,0)))
... H41: =IF(B41="","",MOD(ROW()^2*$C$7*7919+ROW()*104729+$C$7*31,10007)+ROW()/1000) | I41: =IF(B41="","",RANK(H41,$H$12:$H$41)) | J41: =IF(B41="","",INDEX($B$12:$B$41,MATCH(IF(I41=COUNTA($B$12:$B$41),1,I41+1),$I$12:$I$41,0)))
B43: Nobody is ever matched with themselves. Clear the name box before passing the screen to the next person.
B44: Need at least 3 players. The full draw is in hidden columns H–J if the organiser needs it.

Sheet Travel
B2: Holiday Travel
B3: Journeys to and from family, plus a quick packing list.
B5: Date | C5: Journey | D5: Transport | E5: Departs | F5: Booking ref | G5: Cost | H5: Notes
B6: 46379 | C6: London → Manchester | D6: Train | E6: 0.38541667 | F6: AB12CD | G6: 42.6
B7: 46383 | C7: Manchester → London | D7: Train | E7: 0.69444444 | F7: AB12CE | G7: 38.9
F16: Total | G16: =SUM(G6:G15) -> 81.5
B18: Packing list | C18: Packed
B19: Presents! | C19: ✓
B20: Wrapping paper & tape | C20: ✓
B21: Chargers
B22: Christmas jumper
B23: Party outfit
B24: Pyjamas
B25: Toiletries
B26: Medication
B27: Board game
B28: Tickets / railcard

Sheet To-Do List
B2: Christmas To-Do List
B3: A ready-made checklist. Change the dates to suit you; overdue jobs turn red.
B5: Task | C5: When | D5: Due | E5: Done | F5: Days left
B6: Set your Christmas budget | C6: Early Nov | D6: =DATE(Dashboard!$C$6,11,1) -> 46327 | F6: =IF(OR(D6="",E6="✓"),"",D6-TODAY()) -> 3
B7: Write the gift list | C7: Early Nov | D7: =DATE(Dashboard!$C$6,11,3) -> 46329 | F7: =IF(OR(D7="",E7="✓"),"",D7-TODAY()) -> 5
B8: Book Christmas travel | C8: Early Nov | D8: =DATE(Dashboard!$C$6,11,7) -> 46333 | F8: =IF(OR(D8="",E8="✓"),"",D8-TODAY()) -> 9
B9: Order personalised gifts | C9: Mid Nov | D9: =DATE(Dashboard!$C$6,11,15) -> 46341 | F9: =IF(OR(D9="",E9="✓"),"",D9-TODAY()) -> 17
B10: Black Friday gift shopping | C10: Late Nov | D10: =DATE(Dashboard!$C$6,11,27) -> 46353 | F10: =IF(OR(D10="",E10="✓"),"",D10-TODAY()) -> 29
B11: Buy cards & stamps | C11: Late Nov | D11: =DATE(Dashboard!$C$6,11,28) -> 46354 | F11: =IF(OR(D11="",E11="✓"),"",D11-TODAY()) -> 30
B12: Put the tree up | C12: Early Dec | D12: =DATE(Dashboard!$C$6,12,1) -> 46357 | F12: =IF(OR(D12="",E12="✓"),"",D12-TODAY()) -> 33
B13: Book food delivery / order turkey | C13: Early Dec | D13: =DATE(Dashboard!$C$6,12,3) -> 46359 | F13: =IF(OR(D13="",E13="✓"),"",D13-TODAY()) -> 35
B14: Organise Secret Santa | C14: Early Dec | D14: =DATE(Dashboard!$C$6,12,5) -> 46361 | F14: =IF(OR(D14="",E14="✓"),"",D14-TODAY()) -> 37
B15: Write & post cards (check Royal Mail last posting dates) | C15: Early Dec | D15: =DATE(Dashboard!$C$6,12,10) -> 46366 | F15: =IF(OR(D15="",E15="✓"),"",D15-TODAY()) -> 42
B16: Post gifts to faraway family | C16: Mid Dec | D16: =DATE(Dashboard!$C$6,12,12) -> 46368 | F16: =IF(OR(D16="",E16="✓"),"",D16-TODAY()) -> 44
B17: Finish gift shopping | C17: Mid Dec | D17: =DATE(Dashboard!$C$6,12,15) -> 46371 | F17: =IF(OR(D17="",E17="✓"),"",D17-TODAY()) -> 47
B18: Wrap presents | C18: Mid Dec | D18: =DATE(Dashboard!$C$6,12,18) -> 46374 | F18: =IF(OR(D18="",E18="✓"),"",D18-TODAY()) -> 50
B19: Plan the cooking timeline | C19: Mid Dec | D19: =DATE(Dashboard!$C$6,12,20) -> 46376 | F19: =IF(OR(D19="",E19="✓"),"",D19-TODAY()) -> 52
B20: Big food shop | C20: Christmas week | D20: =DATE(Dashboard!$C$6,12,22) -> 46378 | F20: =IF(OR(D20="",E20="✓"),"",D20-TODAY()) -> 54
B21: Defrost turkey if frozen (check guidance) | C21: Christmas week | D21: =DATE(Dashboard!$C$6,12,22) -> 46378 | F21: =IF(OR(D21="",E21="✓"),"",D21-TODAY()) -> 54
B22: Prep veg | C22: Christmas Eve | D22: =DATE(Dashboard!$C$6,12,24) -> 46380 | F22: =IF(OR(D22="",E22="✓"),"",D22-TODAY()) -> 56
B23: Stockings ready | C23: Christmas Eve | D23: =DATE(Dashboard!$C$6,12,24) -> 46380 | F23: =IF(OR(D23="",E23="✓"),"",D23-TODAY()) -> 56
B24: Enjoy it! | C24: Christmas Day | D24: =DATE(Dashboard!$C$6,12,25) -> 46381 | F24: =IF(OR(D24="",E24="✓"),"",D24-TODAY()) -> 57
F25: =IF(OR(D25="",E25="✓"),"",D25-TODAY())
F26: =IF(OR(D26="",E26="✓"),"",D26-TODAY())
F27: =IF(OR(D27="",E27="✓"),"",D27-TODAY())
F28: =IF(OR(D28="",E28="✓"),"",D28-TODAY())
F29: =IF(OR(D29="",E29="✓"),"",D29-TODAY())
F30: =IF(OR(D30="",E30="✓"),"",D30-TODAY())
F31: =IF(OR(D31="",E31="✓"),"",D31-TODAY())
F32: =IF(OR(D32="",E32="✓"),"",D32-TODAY())
F33: =IF(OR(D33="",E33="✓"),"",D33-TODAY())
F34: =IF(OR(D34="",E34="✓"),"",D34-TODAY())
F35: =IF(OR(D35="",E35="✓"),"",D35-TODAY())
F36: =IF(OR(D36="",E36="✓"),"",D36-TODAY())
... F105: =IF(OR(D105="",E105="✓"),"",D105-TODAY())
